[{"@type":"mappingTemplate","id":"@1","name":"Mapping_RESTV2","description":"","bundleVersion":"0","templateId":"@3","hasParameters":false,"valid":true,"fixedConnection":true,"hasParametersDeployed":false,"fixedConnectionDeployed":false,"isSchemaValidationEnabled":false,"tasks":0,"mappingPreviewFileRecordId":"@2","documentType":"MAPPING","references":[{"@type":"reference","refObjectId":"@0lJMstSqkLKjB5mWRrGTEB","refType":"connection"},{"@type":"reference","refObjectId":"@ctszPaKBGwkfcAK4ndHpE0","refType":"connection"}]}]